source_row_hash,processed_at,id_cliente,telefono
f214de6a0edb4933ec9115aa7760a49caa80a9b4d869e9e8436ddaabd976e206,2026-02-22T20:52:32.437450+00:00,1,987654321
78c1be089024422665482f98ae5ded5f33299b1f759e9131da4031565bd1b97e,2026-02-22T20:52:46.342000+00:00,2,912345678
6ea11f630978f3f5490865adfc31bab10090e18c7f040cd7ed255332143a2b99,2026-02-22T20:52:57.389942+00:00,3,998877665
807324a0262c818081415957e42e9eb4672191ebbd5a34a0a3159f62eb47c42f,2026-02-22T20:53:11.091313+00:00,4,955443322
c92c0f3fdeda64e2f49104d3ee8feb826a031c16acc66dec1bc868d6349a757b,2026-02-22T20:53:33.908759+00:00,5,922334455
4c9b132b6d05fefc602c47da3386a993ff89f35c5b7f86065eb33351ebccf0b6,2026-02-22T20:53:51.830284+00:00,6,981273645
e7753a656134a0848fb5cfbc97cfe49ac63b0543946acd7f8aee35e9c5b7f495,2026-02-22T20:54:16.932367+00:00,7,944556677
e347fd58d1413d5567f5a28a683f2dd53ace871bc48312aefbbafaec9d843d91,2026-02-22T20:54:31.798525+00:00,8,977889900
a2e26703b498665db9aa8429340a341e56a05ebaa8bcdbfaa24bd6b2bf4920cb,2026-02-22T20:54:45.407530+00:00,9,933221100
1d5768ea760eb2438c4c5231c2d3784195cde92b50ccbdfef8244e18abc9a0e3,2026-02-22T20:55:03.383924+00:00,10,911223344
a3597963ddc9016a20a1c05ecb6bb38cb35f56afdd79c849a9d843780ee8766b,2026-02-22T20:55:21.415663+00:00,11,966778899
18d7ca0c2e1269d6d13e876e548f42ee7a3527789ceb60b7bf0c0f49b8b36af5,2026-02-22T20:55:40.263064+00:00,12,988112233
8a93045a55a033e4a30c47d31ffeb204553c488fc06bf0f67eb01da44d6d40e1,2026-02-22T20:55:58.536080+00:00,13,955667788
e83f844a2d5ca86e8116b4a77ab3aa9de9c8e9c8ec8a57fcbd12cd11c930b41c,2026-02-22T20:56:22.598109+00:00,14,922110099
d0c33161a50d9db68b099fdbecd06221892e8a21662e069ae95d1092634b1847,2026-02-22T20:56:41.950677+00:00,15,999888777
4bdc8b62b1ac70f8e90e6821ae52f6d4088ef621f4dc53ef0d522a299c984558,2026-02-22T20:57:03.794449+00:00,16,944332211
28f410ae2177746eec637b037a986388b1236b62c76df4f9f2c294b13cb39769,2026-02-22T20:57:20.404326+00:00,17,977665544
70bf2855b8fcd59b9fd81070d2705fb281b3cc532a7a6cdbd537172a0316a393,2026-02-22T20:57:32.366400+00:00,18,911335577
91035f5e487d36132ddf1f8060ed49abe82f201e477985a0f42010f3e13892be,2026-02-22T20:57:48.576144+00:00,19,988776655
030dd2c5f764743c2637b7d1bdeb096325ea5f59e014f7dca4ed87e52de5ce5d,2026-02-22T20:58:02.219905+00:00,20,933445566
96cdcce92189e7c61597a6cf1e35796d4349fabba26df8f3f61a19f63e0bd172,2026-02-22T20:58:14.599581+00:00,21,955112233
97a2d355f74585a38449dd9cc25d418ba58a9914c2c54e3376c94f59c0acb2f5,2026-02-22T20:58:28.027010+00:00,22,966223344
65fd1c97451b2a7a05e8e407c9aa910ff21fd1ee41815c7f95f769b99f418296,2026-02-22T20:58:43.064827+00:00,23,999112233
8fc98496b2ccb045444208b4980a8aa546c57502d87cd5b59b0e34bbf6f3cd6e,2026-02-22T20:58:59.615000+00:00,24,911998877
9ea327b946cb7559a21d3aae02a9505d85e66e863fc3c5629d65c905ad6085e5,2026-02-22T20:59:12.951147+00:00,25,944887766
a17ff59fde212123caf9add4f486623a31a34359e3044c4f85cf517295a97755,2026-02-22T20:59:40.092550+00:00,26,977112233
6b2345c0f3a805f76d433cf78499a3ef01b7d72bdc71e5b1d36e6be85d2b5900,2026-02-22T20:59:49.838024+00:00,27,922887766
e001e276e9810f2aa760d3007963436b4bbba3096b25ea92b2b6749b79bb8459,2026-02-22T21:00:02.645885+00:00,28,955998877
e75773189f50b370425a771ec29313faba8010e1083938e1e5ee48d6ac1ae1d0,2026-02-22T21:00:18.464495+00:00,29,988223344
c320f4754571ee0428064b63918ce31080214358f9486ce55ac9c60e1aa7f4dd,2026-02-22T21:00:31.940035+00:00,30,933112233
0d19ca2511cc8c29cc942a8230ad30587df7df29cb2bd30f0b8fe168d542b8fb,2026-02-22T21:00:52.001227+00:00,31,966998877
8fc08697f170a73f97ba6007bf950ffcb504f39bf021cbcb0e90b496ce00256d,2026-02-22T21:01:03.546602+00:00,32,911445566
72116b8d62c68247478d483f6134dacaa62e6a329f3c93ec1ce53bcf94278269,2026-02-22T21:01:28.964854+00:00,33,999223344
f9218f1e620758cd8fc90338334a785684b9f91a34317f5944495002b5ede163,2026-02-22T21:01:40.729594+00:00,34,944112233
d9915cec2f597e4fd41efdbedb5b5ad94ab2dddeb73234f84794b97ee80e905b,2026-02-22T21:01:53.147400+00:00,35,977223344
32498768e980628634fdda0a969a15d98b072cb52f396519bb143c29742ad7df,2026-02-22T21:02:10.612988+00:00,36,922998877
ff5c607172a2f45cfbe2fb42455fb2a5f55e0d963ed84c6ea0dbfe47d7fae256,2026-02-22T21:02:24.387438+00:00,37,955223344
349e2512010061efb05d0a1eb7903d19b3df775464c81e0116347920aee038d7,2026-02-22T21:02:37.094367+00:00,38,988334455
3dbc0b51595ba9683d2439100f20b38a598ae8c09f17dd9957a22cfbde65a4d2,2026-02-22T21:02:47.525853+00:00,39,933998877
4db1c6c6608b7e07c2af840fce7b4e44f02fa78b1e1b3643ebabed3d54e6e96b,2026-02-22T21:02:58.611207+00:00,40,966112233
fd745054a66b682613ce91157da07fcca2737918f2877a789991609feb6fa986,2026-02-22T21:03:17.681172+00:00,41,911556677
b40fe61dcae933ee18e441fba66f21446ec6d7722e9b070cab77530477e253ca,2026-02-22T21:03:32.561362+00:00,42,999334455
af4acbe60b353421e34e7659620065981f4b3ff87433c879fe0033eee30cf5de,2026-02-22T21:03:43.150465+00:00,43,944998877
efc414240c080d1e011a72ad955d84c3a748fe78005a4972375c359ff517dc78,2026-02-22T21:03:55.359881+00:00,44,977334455
34f9cf395bd1880347369f00b7cf95cec1f675fbc89689448df818f2cca7f9a6,2026-02-22T21:04:08.121148+00:00,45,922445566
7e2bf464f0af21097564be3011c4a32777e3d573f5708935b0124a93d3a5725c,2026-02-22T21:04:19.280436+00:00,46,955334455
58178b330e846b61b9a92954dbf1165e8a71e4c677e2696f5219f0adec8d8aae,2026-02-22T21:04:33.844432+00:00,47,988445566
4f95eb2b8550555a24f30660ad165a82f3d10a3a33d40dee9f9c72bcb6b8a1a9,2026-02-22T21:04:47.268953+00:00,48,933556677
ec65b3cef4310674cbff9ae94583c932cfc6704026dc81bdf07388f8cdb9e7af,2026-02-22T21:04:59.818484+00:00,49,966445566
8cc85549527378eae6796b01eac5aeba63287d5d179bafa121fd8251489692d1,2026-02-22T21:05:15.194921+00:00,50,911667788
